FileName,StartTime,EndTime
Rainfall_waveform(t=0h).png,2021-11-01T01:00:00.000Z,2021-11-01T02:00:00.000Z
Rainfall_waveform(t=1h).png,2021-11-01T02:00:00.000Z,2021-11-01T03:00:00.000Z
Rainfall_waveform(t=2h).png,2021-11-01T03:00:00.000Z,2021-11-01T04:00:00.000Z
Rainfall_waveform(t=3h).png,2021-11-01T04:00:00.000Z,2021-11-01T05:00:00.000Z
Rainfall_waveform(t=4h).png,2021-11-01T05:00:00.000Z,2021-11-01T06:00:00.000Z
Rainfall_waveform(t=5h).png,2021-11-01T06:00:00.000Z,2021-11-01T07:00:00.000Z
Rainfall_waveform(t=6h).png,2021-11-01T07:00:00.000Z,2021-11-01T08:00:00.000Z
Rainfall_waveform(t=7h).png,2021-11-01T08:00:00.000Z,2021-11-01T09:00:00.000Z
Rainfall_waveform(t=8h).png,2021-11-01T09:00:00.000Z,2021-11-01T10:00:00.000Z
Rainfall_waveform(t=9h).png,2021-11-01T10:00:00.000Z,2021-11-01T11:00:00.000Z
Rainfall_waveform(t=10h).png,2021-11-01T11:00:00.000Z,2021-11-01T12:00:00.000Z
Rainfall_waveform(t=11h).png,2021-11-01T12:00:00.000Z,2021-11-01T13:00:00.000Z
Rainfall_waveform(t=12h).png,2021-11-01T13:00:00.000Z,2021-11-01T14:00:00.000Z
Rainfall_waveform(t=13h).png,2021-11-01T14:00:00.000Z,2021-11-01T15:00:00.000Z
Rainfall_waveform(t=14h).png,2021-11-01T15:00:00.000Z,2021-11-01T16:00:00.000Z
Rainfall_waveform(t=15h).png,2021-11-01T16:00:00.000Z,2021-11-01T17:00:00.000Z
Rainfall_waveform(t=16h).png,2021-11-01T17:00:00.000Z,2021-11-01T18:00:00.000Z
Rainfall_waveform(t=17h).png,2021-11-01T18:00:00.000Z,2021-11-01T19:00:00.000Z
Rainfall_waveform(t=18h).png,2021-11-01T19:00:00.000Z,2021-11-01T20:00:00.000Z
Rainfall_waveform(t=19h).png,2021-11-01T20:00:00.000Z,2021-11-01T21:00:00.000Z
Rainfall_waveform(t=20h).png,2021-11-01T21:00:00.000Z,2021-11-01T22:00:00.000Z
Rainfall_waveform(t=21h).png,2021-11-01T22:00:00.000Z,2021-11-01T23:00:00.000Z
Rainfall_waveform(t=22h).png,2021-11-01T23:00:00.000Z,2021-11-02T00:00:00.000Z
Rainfall_waveform(t=23h).png,2021-11-02T00:00:00.000Z,2021-11-02T01:00:00.000Z
Rainfall_waveform(t=24h).png,2021-11-02T01:00:00.000Z,2021-11-02T02:00:00.000Z
Rainfall_waveform(t=25h).png,2021-11-02T02:00:00.000Z,2021-11-02T03:00:00.000Z
Rainfall_waveform(t=26h).png,2021-11-02T03:00:00.000Z,2021-11-02T04:00:00.000Z
Rainfall_waveform(t=27h).png,2021-11-02T04:00:00.000Z,2021-11-02T05:00:00.000Z
Rainfall_waveform(t=28h).png,2021-11-02T05:00:00.000Z,2021-11-02T06:00:00.000Z
Rainfall_waveform(t=29h).png,2021-11-02T06:00:00.000Z,2021-11-02T07:00:00.000Z
Rainfall_waveform(t=30h).png,2021-11-02T07:00:00.000Z,2021-11-02T08:00:00.000Z
Rainfall_waveform(t=31h).png,2021-11-02T08:00:00.000Z,2021-11-02T09:00:00.000Z
Rainfall_waveform(t=32h).png,2021-11-02T09:00:00.000Z,2021-11-02T10:00:00.000Z
Rainfall_waveform(t=33h).png,2021-11-01T10:00:00.000Z,2021-11-01T11:00:00.000Z
Rainfall_waveform(t=34h).png,2021-11-01T11:00:00.000Z,2021-11-01T12:00:00.000Z
Rainfall_waveform(t=35h).png,2021-11-02T12:00:00.000Z,2021-11-02T15:00:00.000Z
